task_length,cpu_cores_needed,memory_needed,network_bandwidth_needed,priority,vm_id,arrival_time
23.570192079514126,1,1579,6.165241528925985,5,vm_8,1.503996764870066
78.79168474007773,1,1008,6.055383858194196,4,vm_0,1.873674931540888
86.10941138319791,1,472,76.7026000756723,1,vm_4,2.7109988335432518
38.66929757537604,2,1244,103.77481382266487,3,vm_2,3.0273703786970882
23.536081762533847,1,714,102.55729111792813,2,vm_2,5.849174805703127
68.39926409254427,1,1275,57.43411078468866,4,vm_6,7.309466874233194
14.548863034503249,1,1227,93.36392247326852,3,vm_5,8.1230144545252
20.937788334988056,1,704,28.657601321887583,5,vm_2,8.240051195707709
64.31476924895185,2,967,11.594341419115572,2,vm_9,9.395845462246342
83.74399940892489,2,740,8.443407556427236,3,vm_4,12.429228856745997
24.90457112749514,1,1181,2.6686840845213458,5,vm_11,12.575634387220298
10.538672882414703,2,416,148.94416506565094,3,vm_0,13.796036111847048
27.993670509414184,2,1560,18.770309827264747,4,vm_11,15.392638719042829
64.59997127314148,8,967,43.34285652092414,1,vm_2,16.084707762291213
16.68549484165622,1,1324,112.77481786538948,3,vm_0,18.939114430005436
47.14935060822805,1,492,1.37206888743403,5,vm_9,21.421190439250232
41.99805848190259,1,1888,55.119986364960724,2,vm_0,21.479834879747525
23.71320504310739,2,685,26.071046378396023,4,vm_1,22.488794040518343
40.606712480391295,1,1096,2.098086291620808,3,vm_7,24.09592935715566
92.0765082983251,2,621,68.39207123893564,3,vm_0,24.64958759812462
34.1276918809711,2,828,31.02881443690758,2,vm_6,24.94155748556162
12.142930310031915,4,985,43.1308643710664,3,vm_11,25.06439754169146
58.060141975167504,2,1497,3.185142064221149,2,vm_1,25.54929988578038
11.433650738804191,1,898,39.5410483201563,2,vm_1,26.291469607418346
18.501656270619893,1,1822,21.804400181582814,1,vm_9,28.49106187521292
22.40851813247195,1,1462,24.78826365566757,1,vm_11,29.923203216468583
34.83570397088154,2,744,72.07088244994748,3,vm_1,30.509387494885168
35.906085784067166,1,1199,29.026828537502485,3,vm_4,31.886472168207213
25.344859578553272,2,1303,19.322265609951696,4,vm_7,31.9564217764593
18.80286962665269,1,856,8.836434446984196,2,vm_6,32.32839966917038
20.996816547791784,1,323,168.23407650986377,2,vm_3,32.366083262775604
40.35338897744042,1,418,16.455355080568847,3,vm_1,33.66831985153371
19.17669975959505,1,1417,106.62827783347164,2,vm_6,34.385042101971976
22.328209612672108,1,1813,41.55597482275066,4,vm_9,35.49965631373042
32.0029034942562,4,1312,25.89725251254763,3,vm_3,35.68200251268828
62.87614858986851,1,848,30.576396793474718,3,vm_6,35.8069403288722
41.60069307291719,2,1503,0.8849685369425767,5,vm_6,36.151575350262405
32.97969432427609,2,611,5.459498164812541,5,vm_8,36.461730304777745
9.782192209241131,4,553,8.156605476074036,3,vm_10,36.79272987397271
9.132320168866578,2,369,40.24534653804331,3,vm_9,37.9459046674768
78.14109022566251,2,1819,0.7013880369022182,3,vm_8,38.77674898529439
26.825779501767364,2,608,99.71750294676517,3,vm_3,41.33699549206898
60.938796176705296,2,1047,42.65664653082064,3,vm_4,41.833976243882574
45.31810094264818,1,967,18.322039186163963,3,vm_4,42.22963317195729
32.958160373143286,2,1087,135.87513863269552,2,vm_3,43.52306621427178
14.652334300125466,2,574,30.8608995493308,3,vm_9,44.2822959957059
19.087995297906584,4,931,36.877549059426975,3,vm_5,44.28502402293519
16.478910078906818,2,577,0.5481442360345391,3,vm_10,48.25680567152218
35.51185067693461,1,1064,37.103290493179166,5,vm_9,48.37472192216423
50.86443545741371,1,774,37.94316163145876,3,vm_8,48.55456433633132
40.29838659988435,1,887,32.86763082513433,3,vm_3,50.3522768753041
20.824264416310893,1,1153,132.32635661864296,4,vm_7,50.428475628738376
16.843446665050983,4,1416,43.48496101744706,3,vm_1,50.55978685064475
51.35285798090603,4,857,100.2291834947841,3,vm_0,52.06750235513522
38.71448365805582,4,1184,4.117226438228879,3,vm_4,52.62947876113572
37.493521918151984,2,1088,9.830767364823418,4,vm_3,52.69869206583651
25.885247194413985,1,1511,169.20112709032418,4,vm_10,52.77881491801195
33.54230174427083,4,822,51.176242250884115,3,vm_11,54.5757941483608
13.419027824585834,2,736,74.73797903006276,4,vm_8,55.09897162478139
20.57061941725771,1,1411,6.230355704380567,2,vm_7,57.37480713140532
22.660950085713647,1,903,50.76136044724407,5,vm_10,57.72136225694047
38.24032071136807,2,651,126.72935770565843,3,vm_9,58.736852870294825
16.18754320668339,1,1126,147.81833815597884,1,vm_5,59.8196693910949
19.913595828935026,1,895,10.041362713920005,4,vm_4,61.97566329692837
24.1379513602868,2,860,325.87612280779666,3,vm_10,63.42715409875726
40.61910951761987,8,1081,222.10852476758512,3,vm_11,65.56967984414169
24.135000139242393,4,962,44.44825748344294,3,vm_6,65.74600174729441
15.160740811400675,2,1274,37.94905182852097,3,vm_8,66.38223130268251
35.098308915532186,8,817,71.19747049886188,3,vm_6,67.24411342108203
11.579297693820662,1,1625,33.660051963908764,3,vm_10,68.59916382091191
33.3565964471248,1,1099,44.538271961124856,2,vm_9,70.41384209876253
54.376026723627675,4,1836,4.2529091452662815,3,vm_10,71.94233059955461
17.800927880710823,2,1079,4.922392304998603,3,vm_0,72.2622281267636
22.310586726846033,1,1033,17.16042480271841,3,vm_0,72.48668190131096
50.1863979943741,2,133,18.846446613326258,4,vm_3,74.00952259200574
50.74411589151689,1,850,126.83184649712113,3,vm_2,74.32241901889402
22.807970539557374,1,1292,86.79820902882118,5,vm_7,75.83293765656879
14.440160729808479,1,1405,279.82919464716144,4,vm_7,77.98495138690677
16.054449523084894,1,1320,4.289173822802961,5,vm_4,78.00816070474481
52.113312070230684,4,973,69.5712900061874,3,vm_4,78.53641361221892
39.04316067192498,1,1588,49.06373854354044,3,vm_5,78.60284063040032
51.24236086615085,2,1329,28.273724243857952,4,vm_3,78.67309007228585
46.75025103212207,8,229,23.459362383316375,3,vm_8,79.862479123113
55.66979451377215,4,743,3.7769277350722277,3,vm_6,82.10901672462057
8.207966358010943,1,539,71.66731336959964,2,vm_10,83.17659751875127
63.806660031205396,2,1698,2.069754627139489,3,vm_5,84.13083999378736
28.192856956833477,2,1283,8.999622856499151,2,vm_6,85.34183364183902
31.23951890881407,4,722,4.2144023290498716,3,vm_3,85.61735916658756
69.69464352447945,2,1719,82.40981972822274,3,vm_8,87.3012798414934
28.81880342639572,4,1074,99.10315264316428,4,vm_3,87.60714958637308
43.108947085674785,4,1177,55.06722176407246,2,vm_4,88.46776932832286
42.321472573401984,2,644,79.04663118614131,3,vm_5,90.00118238187922
45.73240588182005,1,716,12.934365480037538,3,vm_10,90.73632312196673
47.67703684499657,2,1167,70.18324664241985,2,vm_10,91.123926482307
97.30675560494451,1,824,110.36116537027172,4,vm_5,91.55459413582263
65.59213861069325,1,1088,5.754107709694408,1,vm_4,91.69509265146631
26.402661110523752,1,827,17.082001694369474,3,vm_1,93.65139079805137
27.17882653467633,1,1281,94.0704480726942,5,vm_11,96.47923920426743
42.84565171544362,8,463,11.147054259803612,3,vm_11,97.76832800527562
30.061885799430918,1,557,36.63212641309091,3,vm_4,98.16777543809887
32.68738004956368,1,674,121.05579115120702,3,vm_7,98.24933838290777
24.56081407159452,2,296,58.548097319028884,3,vm_8,98.72713680697643
25.80390239974968,8,1064,53.47030199802377,3,vm_0,98.85942203682345
53.6629441545981,1,128,64.28387748517488,3,vm_3,99.7160827073363
74.54393183215744,1,1189,189.77241008478387,2,vm_7,100.71817441982873
14.103905259136807,1,1466,27.181255336219646,3,vm_11,101.39233578234149
20.646202388617034,4,1110,39.56060672358252,3,vm_6,102.54909319022227
34.610253015142966,1,677,7.396431380344802,5,vm_2,103.5214145679737
34.79897215730849,2,766,53.96922700224812,3,vm_3,105.83713182989169
42.04397029794796,2,684,2.060189206534785,3,vm_9,107.28580450669206
17.722228017272986,1,1104,46.03526082978656,4,vm_3,108.44621746349516
34.443389742085444,2,795,43.569742770502664,4,vm_1,108.58333916297505
23.479105950138933,1,1181,131.0320277050139,5,vm_2,108.970998923859
34.194669847024855,8,1000,55.91464120663798,2,vm_2,112.73367146893389
36.37074586033608,1,1182,169.7556059418249,3,vm_6,113.35782637507278
21.55669416606906,1,1335,1.1965154070379684,3,vm_3,116.03900307585454
40.85882153193306,4,1417,8.067871213396243,3,vm_7,118.58633576139509
20.88912353485472,2,1153,55.79326996405022,2,vm_8,119.71193737695815
17.026088520189667,1,128,34.57817261363585,3,vm_6,123.27266851618512
65.18096829433625,8,226,10.001689582311686,3,vm_5,124.05629355914785
91.06571146017127,1,656,52.728437855203126,3,vm_8,125.58037036329348
48.3485094704393,2,1433,41.39599322775217,3,vm_5,125.87210534880931
49.69604477339659,1,1208,3.0836858420473274,3,vm_7,126.47032696530589
14.020404194203534,1,244,32.517955652296216,5,vm_10,128.02982257446556
61.13487512119753,2,1507,95.10642194166931,5,vm_3,128.55058797194235
26.495152213267442,4,1162,24.38218729344402,3,vm_4,129.8496977566745
79.0618826580413,2,1271,7.1391134570273405,2,vm_0,131.51174889752352
21.026086745922843,1,921,64.5207784720278,3,vm_1,132.55582542493636
25.894366286076764,8,1282,123.78635445681519,3,vm_8,134.44638198942437
32.08524869277529,1,996,65.50239373520739,3,vm_11,136.39069276731544
69.95759859235126,2,1290,15.468442045696351,5,vm_3,136.72796998872946
8.185495224774044,4,1672,81.2048724874492,2,vm_3,137.4340103737251
16.74025935634884,1,1525,49.42473030414574,4,vm_11,139.09430842360862
37.831369085099915,1,485,21.015978233425926,2,vm_11,140.5877235330228
14.23461885475264,1,401,0.37591446973405257,4,vm_10,140.93174453192353
30.715668036456364,4,844,90.58937202242628,5,vm_1,141.8994060861548
45.684405558096756,1,1442,1.093864239806133,4,vm_10,142.86672405164686
42.10767901918914,2,1194,1.2313676213826017,3,vm_3,145.18020371221257
43.57277250265788,4,1705,23.96545065045909,3,vm_3,145.69649690277413
44.84885989242954,1,1246,22.03536871867118,4,vm_2,147.30423867875746
9.80958934376896,1,1118,3.656455341370272,3,vm_9,149.27495416508563
26.439149162744076,1,1312,1.70281192887803,3,vm_6,150.69472464119144
34.7837629938602,1,1125,31.11384165887715,2,vm_10,151.32849579857788
17.04179291725571,2,1272,6.419669907361751,3,vm_0,152.32916753899565
20.582296948631036,1,1420,49.786676590160305,2,vm_4,152.36312387184586
13.813597407469073,1,1415,189.56310267494447,3,vm_5,152.82942671353945
8.547987085708236,2,1646,77.68922514152511,3,vm_10,153.38154712578307
37.60368196112548,4,1045,45.996688841092315,3,vm_2,155.41217656882705
28.892676731767995,4,929,33.206126263744615,3,vm_1,155.95366233701353
16.638635919477263,2,1612,7.8176196143501295,3,vm_9,156.27477011671752
43.07149035606677,1,1203,86.23715849174754,4,vm_9,156.75664435726108
148.13539685098436,2,1993,277.42484323826886,2,vm_5,157.17646752443542
23.632680163401282,2,203,47.20143209439543,3,vm_6,158.41691183069432
26.087169595626538,1,1285,106.61847519535917,4,vm_2,159.9544403482082
22.175577134259687,2,809,80.1637995648787,3,vm_8,160.16539230917837
23.297448108742994,1,1046,10.429081190223046,3,vm_1,160.99287921269743
69.73469370112518,1,1437,30.62084250615893,5,vm_11,161.48134274565766
107.96725154007204,2,1029,97.5224904228709,5,vm_11,161.59804752998218
171.21089419695627,1,1077,80.9303767109437,3,vm_1,161.669956780267
40.52983737988821,1,850,24.822090158504174,2,vm_2,162.67020182271804
54.433940012983165,2,1501,20.089130721107818,4,vm_8,164.23452276292164
40.155161647247475,2,128,1.8990545262798795,3,vm_1,166.8192072371616
37.9258494923184,1,790,36.947010546365775,2,vm_11,167.2697307357425
21.131884748871194,2,671,28.7320538085506,3,vm_9,167.7959907837883
15.077463813634402,2,928,13.20693149399097,4,vm_5,168.65539261278303
81.23706727055377,4,574,7.931937673168213,5,vm_9,169.83350190363842
23.823744524917576,1,734,3.4777830368326783,2,vm_3,170.01743486175562
31.64883479408534,1,1312,37.183413257112335,1,vm_10,171.92300948547316
15.673654763513596,4,1469,38.859338358573154,2,vm_4,172.04100088356253
13.229224785272248,2,1373,85.63976975340543,3,vm_7,172.34581810051222
15.945173364930117,8,670,4.300926058732149,4,vm_7,174.1647967281666
32.53959789252195,4,870,9.69291376760356,4,vm_7,174.2116964097602
54.32245335026201,4,1365,262.4609286729658,3,vm_10,175.03680288835852
113.1230161854534,4,596,33.10916197324356,5,vm_2,176.53458629177868
108.41991927790774,1,977,85.53574927545843,3,vm_5,178.06205704823884
74.86477484114107,1,965,41.4266353950127,3,vm_2,178.6780206465726
37.09998370611243,1,1731,43.80126590490429,3,vm_8,179.9410653818163
119.41919036853159,1,1294,38.96985118698103,3,vm_3,185.24137216788333
63.984303190089264,4,1580,3.948546152109559,3,vm_0,185.4645608321469
170.06479833326802,1,1029,64.35328513839288,3,vm_4,189.62508598947764
9.236765316626633,2,1267,41.90822966681858,5,vm_0,191.17661747244736
48.96970509740057,1,1526,28.253919084656705,4,vm_3,191.3600329841497
33.308847739663584,4,676,8.594129790006983,5,vm_1,191.44789781353407
29.09093069905701,2,149,18.410422724220194,3,vm_0,191.67950721745888
85.71786168254478,1,888,44.056226637032644,4,vm_9,192.95854300220992
13.455515625127164,1,354,15.551776043971671,4,vm_3,193.4258200078092
45.39309275752526,2,1282,0.6541384724231215,2,vm_4,194.35418586754446
65.13368220716558,4,659,30.315618521120403,3,vm_6,196.73197286128828
24.257440174675416,1,1278,29.756770455759824,3,vm_5,197.05137746960455
15.884449802879573,1,752,23.541948726488815,5,vm_4,200.57588714280234
11.942977704788893,1,1480,37.81578868110904,3,vm_6,201.21941917479816
26.917195317352935,2,1303,19.43710126328939,3,vm_1,201.40712404017881
52.57618690251503,4,1432,100.09056411262773,4,vm_5,202.29320470902806
49.26581210658837,1,443,47.5023224164595,5,vm_1,204.5875283999086
18.46049182785045,4,1103,78.21443037450932,4,vm_8,205.52910700509747
15.093071784126936,1,783,86.94322826830656,4,vm_3,205.70283087274575
51.499137073677375,1,838,96.5279711311522,1,vm_2,205.89377429643397
44.81615972157542,4,338,101.39004815931081,5,vm_4,206.63587310791647
45.260992923821114,2,743,9.280179650374249,2,vm_4,209.68931993032822
31.41837580524697,1,1306,32.27409130710908,2,vm_9,211.63505076264508
18.857095183415172,1,1027,80.05230318940802,5,vm_0,214.84474898004305
25.8771677830184,2,458,37.63063191581692,4,vm_8,215.30127253468564
43.6182335743292,4,1016,15.667684402552315,3,vm_4,215.48708190306377
14.593892556435568,4,330,18.287003194352565,3,vm_7,217.16738131471692
17.827927187827758,2,1365,18.931005466641025,2,vm_10,217.35871525968574
12.979693843657405,2,1127,20.227846546380444,4,vm_6,218.2735830743551
43.93782590981213,1,1130,120.47032829255532,4,vm_8,218.6961101303816
11.950521348861106,1,628,67.11618448789801,1,vm_7,219.24361318980456
22.725928543369427,1,1343,49.13749277913932,3,vm_0,219.80359681895473
26.583831848741028,1,1349,42.83838432152832,4,vm_10,220.1531094822976
57.42657144383176,1,706,135.99975042712381,4,vm_8,220.29815764236338
46.46676884020151,4,633,235.19732572374306,4,vm_5,221.0318873356242
56.3133477974551,1,831,22.404450145194662,3,vm_11,221.6757676720574
50.39022471509899,8,435,14.319532481289349,5,vm_5,221.8286381375702
39.37795126617602,1,1048,54.243814914594346,3,vm_4,222.43835056819694
6.99778472669288,2,1120,5.6418913078647135,3,vm_3,222.85053883379427
288.9780984825777,1,1407,15.469796534164324,3,vm_0,224.96646985444016
32.45714917607083,1,1083,98.78204937951179,3,vm_5,225.98332257542432
18.783457058298943,2,749,77.73827864650397,5,vm_2,226.81048669743623
58.42121608857808,1,716,24.118050117254057,3,vm_10,231.3967236287923
37.669265544725405,4,1539,23.349220972373242,3,vm_7,232.96176694663887
19.13250289470054,2,950,63.87164308602418,3,vm_9,233.74219402555633
23.68528176355062,1,1047,77.26187475923186,2,vm_0,234.341275226341
25.670511261213065,1,1320,79.44992747354108,3,vm_7,234.35110018403114
52.955946560731036,2,1102,31.85184301814849,2,vm_8,234.55032536992172
37.06571021866434,4,1129,62.929348588580304,2,vm_5,234.69333741076235
27.741454383678605,1,1166,33.49182132269166,5,vm_0,237.08112648327543
35.15962063382568,2,749,55.7489085789779,4,vm_10,237.49237517697503
16.398402913542064,1,128,55.56420273448347,4,vm_11,237.61391656068042
17.418372334356725,1,1653,125.56684881289308,3,vm_6,237.62383982073086
103.52309887620649,1,828,10.544218283528236,3,vm_9,237.90030007081145
11.640368419619158,1,329,50.59323991420751,3,vm_9,240.58418283597697
24.316163401557752,2,767,10.146918064232013,5,vm_1,240.79688053560247
19.822501652399254,4,1099,118.8664916171857,3,vm_6,241.4514417488071
21.13077838111804,2,980,60.373044756353586,3,vm_6,243.69884094196377
43.54454123788216,1,856,18.229904908677817,4,vm_3,244.29407202116033
42.25974182440258,1,1412,86.83040068656285,4,vm_8,244.81122357047644
8.421825022920395,1,1073,88.51147561156635,2,vm_1,244.89931622978852
36.813645104844376,1,971,4.4853045249773755,3,vm_5,245.28336234938044
39.35992551751138,8,1459,20.697600623917346,3,vm_1,247.19668174884237
86.73295729672829,2,1215,114.14946858709585,4,vm_11,248.08115815005974
12.263769559315003,1,217,20.61586695319101,5,vm_3,248.91145218100365
30.56656329181822,1,2016,14.975874563986856,2,vm_9,249.51091311615315
28.1822967834972,2,359,31.786713122270438,5,vm_5,249.82838196122452
27.5407663668446,2,1062,9.864996780803189,4,vm_1,250.3550074235698
27.31945957118561,2,1246,3.758370896170608,3,vm_10,253.08152995565464
59.2896717976013,2,1303,15.241606288632562,3,vm_6,253.42667252655434
11.92491353841914,2,1233,146.74146865754153,2,vm_11,255.4666943316476
26.214468911844097,1,1582,62.49826250717706,2,vm_10,256.98355856248213
16.796948047057388,1,627,2.7109905716419314,3,vm_8,260.6238804154857
76.68160222005424,2,586,30.889153853653312,2,vm_0,261.529500307285
44.4411131342968,8,1315,35.66984405114689,5,vm_10,263.53730455550846
34.73968635108878,1,974,33.85168881533637,2,vm_10,263.63901204078104
26.240209371223727,2,1052,154.8994939979954,3,vm_8,266.19210404820603
38.519334694560925,2,816,16.578758218972045,3,vm_3,266.5851239857598
57.10499270518638,2,448,70.389835790111,3,vm_10,267.37571898747785
7.55122864358637,2,335,232.83868653184334,2,vm_8,267.4526245647403
9.589583700029673,1,406,6.809948245084539,4,vm_6,268.39058042537
78.69270874572437,1,567,219.19688330056633,2,vm_8,269.91050495261794
248.21067489356207,4,1042,53.56761585985031,3,vm_11,270.51450828608404
39.90300487903962,2,1207,35.84293723887967,2,vm_1,270.95249955163627
22.136134956077804,2,387,69.64965594451704,3,vm_5,271.0673068789632
23.402751941556943,1,620,132.9025153192387,4,vm_4,271.42917876154416
55.25737468180588,4,1502,66.6404088762022,4,vm_6,272.43584921035654
34.70283234541914,1,716,10.097165082112637,3,vm_10,272.5788155204217
61.54183415349336,2,1483,89.10108163344212,2,vm_10,273.69661219135935
9.522694727111237,2,780,44.049767836530876,3,vm_4,273.7302989626906
58.72007649281979,2,1435,22.40224201105053,3,vm_10,274.5587716583709
41.888873449737844,2,385,32.06568166322662,3,vm_2,274.7726503837582
128.6545178582703,2,978,63.14376853580875,2,vm_1,275.1750540640904
16.66167226350466,4,1583,35.95963484747743,4,vm_3,278.6201290088439
69.90595234877745,8,1682,62.59505529216008,3,vm_6,279.11811524118747
27.375426911919497,1,1705,98.05207490922136,3,vm_2,279.4502757344322
27.225103493316343,1,641,11.996771374127851,3,vm_0,279.7969361595899
12.18330741381386,2,820,32.24866006242824,2,vm_3,280.1741346225863
36.955803869591115,2,539,120.24804384218749,3,vm_6,281.06029020956925
17.03669383512087,8,660,34.42075523099883,3,vm_9,281.5835154703175
29.391616307018545,1,1001,9.041521471794484,2,vm_6,282.1338254514378
40.72821211685484,2,1232,97.08386050637455,4,vm_3,284.09455073282265
21.006529995259456,2,1268,84.74988182096823,4,vm_8,284.5776298248331
50.02061405427674,4,1362,47.16489053114073,3,vm_4,286.0025507927939
47.38376305852981,1,1495,46.31183334345188,4,vm_9,287.8657066494438
26.80917272679207,2,1042,18.42281519757795,4,vm_4,287.9721545292874
20.809441737794035,1,805,40.339745257018066,3,vm_11,288.6833912608439
53.21195313775976,1,332,8.65512821858817,4,vm_1,290.2012772937035
41.27814081543841,1,1031,19.126488215931527,3,vm_10,291.3278941464445
28.089466356905998,1,1240,15.280916886020856,4,vm_5,292.7126799992047
39.43185597087613,1,550,33.42091911428055,5,vm_10,293.3697147738649
81.32822890596383,1,935,56.672105015019994,3,vm_5,294.1457044374042
63.965464226853314,1,161,20.78285328663747,3,vm_3,294.51182491976783
15.456162212200576,2,1447,48.153229540200535,3,vm_2,295.285989065591
26.59729209661065,2,1010,85.95872216593924,3,vm_10,295.89374880862965
30.758102617269763,1,174,18.326843146651044,4,vm_1,296.8901958439533
22.81960168442352,2,660,22.840160568928408,1,vm_8,297.22319251776696
15.076388123305723,2,1040,170.2242595106229,4,vm_5,297.86440912327373
75.2189621550577,1,657,29.673919562597455,4,vm_5,298.35198422643566
14.22855214322331,4,368,33.07903822271454,5,vm_0,298.52955031731227
10.50642019050175,2,1056,95.66137362261473,1,vm_4,298.71018360227924
26.84738095269015,4,1041,23.03962929217204,4,vm_11,298.93344876024815
17.42429655464719,1,904,50.502996399985065,3,vm_9,299.45033556873113
39.53529932912944,2,1442,47.11006259403807,3,vm_0,300.3433225683552
27.590615972882812,2,1616,69.06359756360526,3,vm_10,300.448265343704
7.9376815819166024,1,1316,147.26274936098537,3,vm_4,301.54278215503393
21.36587851199754,1,592,110.30936834370407,5,vm_6,302.2187751991485
55.22904851067277,4,1556,46.61581533641788,2,vm_3,302.5981395417047
69.71173119615773,2,1116,84.45764429952548,2,vm_10,302.89519453265495
13.011085713322284,4,1336,11.136486352519755,3,vm_5,303.6897293027415
24.61050629897417,8,967,47.42997434060912,4,vm_6,304.7252512689246
16.682975801058447,1,417,83.43051073063592,2,vm_11,307.2430938917088
38.79287449013517,8,377,88.90630273158682,4,vm_6,307.88995927807184
16.53897940666538,2,1174,234.2768512038442,3,vm_6,308.5395825644183
7.876120857677562,1,242,27.950009988688045,3,vm_11,309.12054192843783
49.576960567244484,2,716,241.92066968019614,3,vm_7,313.07851278220255
29.027729715154187,1,1141,3.6661911589394323,4,vm_8,313.1691130608798
39.77737211802684,1,867,136.64227071810166,3,vm_8,315.3814506571533
38.037257883170014,4,317,73.52613478401423,3,vm_8,316.6439236143017
95.15490663386055,2,613,21.463978009679707,3,vm_11,316.802922860648
118.75859888083527,4,1130,37.77501072544418,5,vm_1,317.4485755975691
57.54791358636531,1,1223,84.53743741692668,3,vm_9,318.4896758994723
17.33690513120909,1,773,47.663737184516904,5,vm_0,320.23155762529706
29.585364871830713,2,1256,27.88971922842165,5,vm_11,320.8802293115719
31.975289602117392,2,1335,5.851662255430355,3,vm_0,320.96599476872353
66.25091746012718,4,1888,0.1,3,vm_4,321.2847120130814
11.885526429788184,2,1438,0.2603178402663277,5,vm_4,321.9757563626843
47.45566933399255,1,1446,99.68498679603603,3,vm_5,322.07209391495786
13.496277911545603,1,1239,52.3756400131186,5,vm_10,322.1782172573483
13.438329771810901,1,1223,16.15647196326546,2,vm_0,325.80940538603693
73.14057465948547,1,1264,15.18466040529324,4,vm_10,327.29886173661805
12.974761827977643,2,517,23.19288860824746,3,vm_11,327.79884581600777
63.6115685355751,4,1008,55.16785893386091,3,vm_5,327.91848764324243
81.81848013650016,2,587,14.643932366775566,3,vm_4,330.5399315366588
18.850697863863243,2,1587,15.39449303467425,3,vm_0,331.53684620859826
50.57106810054272,1,384,38.52658421304765,3,vm_8,333.4125699022962
30.91550046813585,2,1518,16.578704217604873,3,vm_1,334.9617715463146
50.28932063577131,1,1988,29.299431334396186,3,vm_5,336.45931570040796
96.13512414250009,1,1066,19.491985479832056,3,vm_4,336.75957372232955
62.450914409935926,4,929,31.058596624547608,3,vm_10,337.00854957034323
24.782236361133307,1,948,29.65050224343646,1,vm_0,337.03640020519236
23.525644699292407,1,1304,14.964892370530078,3,vm_9,337.2791598804406
124.0413944379715,2,1214,20.639270197370532,3,vm_1,337.6217503205848
11.907267643704042,1,1356,65.85626318461757,4,vm_0,338.1938045400413
42.86184655648087,1,930,31.3681038191781,3,vm_7,338.87698316695696
38.47030049429915,8,832,68.72028674417984,5,vm_7,339.5610111779133
37.429754436444675,2,1053,5.9125162260654855,4,vm_9,342.7679136004002
34.437753429689536,1,2056,10.460237845772816,3,vm_2,342.8259694406461
127.26134541714589,8,745,21.593093187111386,2,vm_10,343.32916597129406
82.94214551192705,2,608,12.689916881270625,5,vm_6,343.5298689785754
25.85050748678053,1,1662,69.15118843905337,3,vm_1,344.2522418473417
25.32124038490388,2,667,21.745556839988655,5,vm_2,344.497480710224
29.243805765556626,1,579,38.54047326370751,2,vm_3,344.7724862758319
21.88284594813844,4,1415,22.45291132646201,4,vm_9,345.38005427055396
105.50892497385884,2,749,8.299101490292852,3,vm_6,346.718895574143
35.89563039436512,1,1865,61.61662259193428,2,vm_2,348.51693522166795
23.441996329710044,4,1183,4.194647399098704,2,vm_7,349.7007046487653
20.27984421331995,2,642,53.96125406793458,5,vm_0,349.9326794799374
10.76157516502924,1,128,0.8226891591591555,3,vm_2,350.54136310663245
88.64100552208349,1,1312,19.07845964145392,5,vm_1,351.0509011893317
72.03247961026166,2,1152,5.165038359879457,5,vm_0,352.0625507467961
52.813388985501064,1,844,46.58135850304345,3,vm_9,352.3770230490727
104.52644016581222,2,357,8.931717788203407,2,vm_4,355.9695567675177
21.800809339804065,2,509,19.901468243534524,3,vm_0,357.9812526425016
65.0814445113911,1,1197,2.695733076287644,3,vm_7,358.3706051259208
170.80743592865946,1,854,43.71408254557833,5,vm_6,359.53421490290026
8.75356347921581,4,873,4.9587612962972,3,vm_0,360.2153686201012
9.044398161027367,2,272,58.765370473524335,2,vm_5,360.35283371373083
26.1200385075134,1,789,36.82717103581673,3,vm_3,360.3773630012314
17.100369389505357,4,413,9.87172985454174,3,vm_1,362.6253921940666
3.760616307224434,1,417,32.94467103154501,3,vm_5,363.81822054771334
124.13589064032914,1,973,15.896628857518493,2,vm_7,365.11235507820237
32.21774255691041,2,436,41.70075763793396,5,vm_8,365.92242843944194
94.51451933515897,1,367,22.2539761451439,3,vm_6,366.29069984980276
15.408990551108586,1,392,11.66011299369077,3,vm_2,366.33562949300847
22.88901217183272,8,2122,37.02687356422747,5,vm_9,366.49012427471774
19.5763667845792,1,705,36.437252809513396,3,vm_3,366.9070337469917
55.19818624714761,1,763,0.5572972027819422,2,vm_0,367.8416391484299
47.57373533063309,2,842,5.35757704295888,4,vm_7,367.8513643136622
30.2896833769378,2,1108,20.592473349895904,4,vm_8,368.33536823580573
23.483748210807434,4,960,15.126012866880693,3,vm_8,370.3242572347998
26.79731805297318,1,1299,8.120211746872151,4,vm_9,370.39525036406377
62.86823956381237,1,1788,67.25532719491603,3,vm_7,370.45289854477204
18.603283987887504,1,798,1.145684349013224,3,vm_11,371.0542427650389
25.780103590565762,1,1635,154.78300940054183,4,vm_5,371.19013021279443
65.55832720901492,1,1124,86.64267907157819,3,vm_9,372.04308167759757
10.266885408507854,1,1234,36.39426010247261,4,vm_10,372.1603194535133
38.98172262493701,4,1044,40.08851383439955,4,vm_1,373.5459156862537
18.762817636807632,1,956,108.5330661758102,5,vm_7,373.5715753518372
20.04351447405064,4,622,122.28189309236184,1,vm_6,373.77671118223066
14.068231086818827,2,832,93.18841461951274,3,vm_4,376.7623490457702
12.670050924764661,2,1234,45.651565049149085,4,vm_8,377.18680789622294
8.920288296106502,2,681,16.30477550402339,3,vm_10,381.46826110139045
13.375332689124175,4,377,51.68349368563804,3,vm_2,382.99930176790224
9.585684218060448,1,1529,92.4311828409443,3,vm_8,383.75035606526893
77.09884915883927,2,1194,20.005938638629825,3,vm_3,386.110971349905
43.68832651710088,1,956,39.536886590241,2,vm_0,386.77606570723594
18.815825576439273,1,746,76.10516403643751,4,vm_0,387.9697630407761
9.890967091534794,2,1680,39.533790608919105,3,vm_3,388.3522826744088
27.2232778786205,8,517,48.226651321570344,4,vm_5,388.46598653626745
54.584443104248805,1,1054,69.43704622983583,3,vm_2,389.0095437232355
25.508975191840406,1,1343,69.37096166273761,3,vm_9,390.91757916819745
80.11732636117358,1,623,104.25641278292674,4,vm_5,391.79195439485693
22.870260936948384,2,1139,1.4223683967657108,4,vm_5,392.82388689925983
112.7706713486076,2,592,27.904511694144297,2,vm_6,392.94026066245834
35.71623316901947,1,867,52.839240338472734,4,vm_7,393.6954244937613
41.39584028864153,1,1260,8.60740037251812,3,vm_2,394.2236439718084
91.92956628628941,2,1320,30.690475228298357,4,vm_2,394.7409280788137
52.61945062210398,8,1408,51.871961068917784,3,vm_11,396.47605266284864
17.854779097737193,1,375,53.330211017664716,4,vm_8,398.2270746115828
42.9194084722441,1,825,89.58813585042037,5,vm_2,400.59469591853576
10.368267300232443,2,978,15.957840044697999,3,vm_2,400.8252865408189
86.67665457963137,1,1301,80.01310292852295,4,vm_8,402.20989524158153
29.747936259897788,1,1671,37.9533504093338,3,vm_6,403.22327824278165
22.066342965297828,2,1189,11.74908799339983,5,vm_7,403.36367709541315
16.406758418197004,1,213,55.439123691385596,3,vm_11,403.5925061406064
31.533497692727707,4,868,98.2200603926358,3,vm_7,403.9956413174345
50.08656151394504,1,809,54.52945454288016,4,vm_8,406.51627730624216
46.41919952263619,2,359,94.9970895336588,3,vm_11,407.1140720065947
17.524714835416297,4,439,5.80754657675145,3,vm_8,408.09994183326046
59.422755290733825,1,1146,42.852229551122036,2,vm_5,408.2765321959847
58.14074677602062,1,892,0.1,4,vm_8,409.4913362179414
33.18902844530219,4,1186,7.905552038413632,4,vm_11,409.7892355729824
21.320477897475993,2,907,17.08734244822481,3,vm_5,410.1380000038743
15.288765288216403,2,739,10.941529573763946,2,vm_7,410.1571357617248
117.52954812097022,1,1626,46.398100534857825,3,vm_7,410.43502669907576
64.56222270401452,4,1145,124.7890500271916,2,vm_2,411.7359538061037
7.578937692811739,1,1399,31.77791630983597,3,vm_10,411.9574479125798
39.68082755235477,2,1275,107.93498203896348,4,vm_11,413.72191598045754
32.027224213655195,2,1114,6.705166789331483,3,vm_3,414.77443290337374
100.3289124833348,1,318,188.86819875777383,3,vm_10,415.6348232037577
26.01187079743051,1,1438,48.32899577400799,4,vm_4,416.4290562345457
115.10036139346849,8,1568,43.68030114611271,3,vm_11,416.9493554709985
25.004392307873687,1,1282,6.4964550959422604,4,vm_0,418.9560175341307
32.539195632495115,2,702,162.34201489210923,3,vm_2,419.4928920210541
14.817120058226887,1,1147,12.958470586102342,4,vm_0,419.73513798085054
102.64410711834596,2,1735,168.40120623116098,3,vm_5,420.12849403010944
37.33837839436991,4,766,18.888711289386208,3,vm_2,420.1306541760209
29.937519576965343,4,1480,32.41270058054761,3,vm_0,422.9746404185453
9.381579565529124,1,706,12.329188866767323,3,vm_7,423.7105796808821
27.18786578293227,1,1600,21.38639000999326,3,vm_5,424.4563796839847
15.679864765824924,1,768,9.739609294282605,3,vm_6,429.8127028678381
20.733806339282122,4,1143,78.82050281938425,3,vm_8,429.9810274533753
34.71122398178706,8,1557,53.566640977707856,3,vm_11,430.1213087025557
7.53324239731926,1,1047,28.43059695335538,3,vm_0,432.66029398921376
54.04769471623034,1,682,30.503736681839456,4,vm_6,433.3578408647614
31.18319188903268,2,573,55.876827612302385,3,vm_2,433.83588171421474
22.519711512907566,1,1106,48.53465369572697,5,vm_0,437.705089142286
54.33879682828732,1,1133,59.561895303082245,2,vm_11,439.807658825544
48.65726329846578,1,659,23.80841362843179,2,vm_10,440.3017900501138
89.63551535137178,2,808,41.33255260286736,3,vm_3,441.1135886837384
39.20549877494838,2,1515,10.820589659167053,3,vm_0,441.8338839818057
34.25692536684994,1,971,50.254662014813256,3,vm_6,442.0960179682476
45.45103922845788,2,963,6.140045500452362,3,vm_8,442.6817630737013
16.60982925702947,1,780,23.570644339509506,5,vm_2,442.90703261520144
71.30468241021984,4,413,51.431709021066375,4,vm_10,443.0036068992657
11.526425900969345,1,1760,187.2289583849627,4,vm_7,443.2956959338063
27.76282489773415,2,1202,48.173150063334475,5,vm_8,444.9253336567944
74.71561015587625,1,1503,77.88715468094357,3,vm_8,445.7331067255066
35.65495610421373,2,588,62.64318760928932,5,vm_3,446.052377915478
18.026346642733397,1,625,17.71624776797511,3,vm_6,449.53085274815015
23.343550106021567,2,423,60.2688191783868,1,vm_6,449.53511680510877
31.981452661434428,2,1459,58.55882338431928,2,vm_1,449.92378928791265
57.36614709130857,4,974,3.295068627983882,2,vm_10,450.89334928046486
19.818474577392486,1,1417,5.020384472788725,5,vm_1,453.8789931182124
14.814453854520004,1,1756,37.367584096831195,2,vm_8,455.25463272766416
37.40912234306396,1,765,99.9900214697611,4,vm_9,456.8223376810595
30.906717159453706,1,341,13.754718519393204,3,vm_3,457.3970263587689
43.2118732984004,1,1122,144.1993355361065,4,vm_9,458.03984983524407
8.029213310322021,1,1009,55.47402146490214,2,vm_8,459.9678731921096
36.34263771477261,2,1245,7.3377531439554655,3,vm_10,460.101224669507
150.939749791908,2,933,1.1747042284259657,3,vm_9,460.47237630524216
17.802935592478327,4,1166,24.427383723743322,3,vm_9,460.6666291944074
12.141794796975244,1,1129,146.25661435941407,3,vm_4,460.7057273971068
14.769841942283827,2,391,11.578709993792797,3,vm_10,461.4405641057632
14.047594188016921,1,919,163.16899564929767,3,vm_7,461.96703633436874
30.560664184020048,2,1015,140.584616208701,3,vm_8,463.14543472055664
54.114081915551544,8,1475,7.896732838409015,4,vm_8,463.2666364785623
24.852355352213355,2,1085,16.555929175728657,3,vm_7,463.72652975321336
25.89382299847814,2,992,87.11826720416383,3,vm_5,463.85293738736374
134.9263761840722,1,829,83.56004515682046,2,vm_5,464.7424787612789
29.382714503784765,2,1517,24.972773410461095,3,vm_10,465.2046662049393
118.67273321702852,2,942,0.9001583457269922,5,vm_5,465.3533000453287
24.49350437118053,1,1267,2.023742415875152,1,vm_7,465.8144821000163
15.80660317670705,2,1491,120.91243108383003,3,vm_9,466.0343676665315
63.22970839957318,2,617,15.399909622551755,2,vm_5,466.6621018875644
158.7687629738636,4,775,10.028624439583826,3,vm_3,467.43431513263386
19.297762496656027,1,1215,19.2244208768619,5,vm_4,469.67619223049394
20.098265018474702,2,1353,71.27754154951788,3,vm_11,469.93481235365255
42.37974424502717,2,732,2.257427612003703,4,vm_9,470.57911740949936
30.504775760452286,1,1456,146.00998579993873,4,vm_8,470.8967570267901
9.232150050518626,2,1492,17.483814135237445,3,vm_6,470.9985890593602
39.1444767055871,4,1775,44.72317554546435,2,vm_11,471.544864569036
43.38401676010568,1,864,36.99996293984118,5,vm_5,473.67548286485106
128.96540510069894,1,868,58.11400281702775,4,vm_4,476.250323479925
10.683925730431604,2,809,224.3979872244287,2,vm_5,477.5458000141933
6.9484626043792295,1,905,16.651736251875743,4,vm_3,478.76737481228514
20.021719088281273,1,895,33.30189170908178,5,vm_2,479.5957131983496
56.316209253298545,1,960,15.32978091083837,4,vm_4,481.02113070265966
24.196712836199083,2,862,48.91411780088489,3,vm_4,481.8958036169175
111.58474186940907,4,1524,62.65835318829224,3,vm_5,482.01501047932317
12.036233685238939,2,779,73.10856217760625,4,vm_9,482.2031090042264
141.82151719469977,8,1724,43.69996784394809,2,vm_10,485.93488633939376
10.275760657359509,4,1580,42.47597213409255,3,vm_3,486.08852883627657
14.427835136337992,1,857,0.6915229279754551,3,vm_4,486.5452923547342
18.903558726575707,8,1577,25.26503959837344,4,vm_0,488.30792046705466
6.215869180858034,1,1328,148.5471007625796,2,vm_11,489.7952975078116
7.044182632041885,1,1399,14.440961693720133,3,vm_3,490.212779371942
10.018775793181021,2,802,8.013485037234021,5,vm_11,490.2222824650149
26.4187638793074,2,1072,64.42589211489435,3,vm_10,490.29609402266084
8.26651592175686,1,1314,134.57123961236903,3,vm_6,492.47214041774026
22.39443304618471,1,583,89.2412974007722,4,vm_6,493.74105376820575
19.689973951487946,1,508,12.7350215696767,2,vm_4,495.80532127218544
56.36252105634845,2,1314,13.065579378325925,5,vm_7,497.31307243841746
61.463974516512145,1,955,39.657619463042096,3,vm_10,498.5484854562233
12.907866983133895,1,803,58.01851021491324,3,vm_9,502.963908499297
6.055883444383164,1,1214,32.18894994532747,3,vm_10,503.7864801369224
56.31682890082695,2,1396,48.68709707878639,3,vm_9,509.27793030522
19.107354994570386,2,838,32.26602753406277,5,vm_3,510.7577445209019
57.03308122539209,2,838,132.6329443695969,3,vm_0,510.7846138788139
177.55103433197874,1,694,117.12783321184492,3,vm_11,510.83631174541955
18.53696661120473,2,927,45.15534971778576,3,vm_10,511.7336468377015
67.23382219483173,1,2063,319.9528249234834,2,vm_7,515.4135537536538
17.906108099033883,2,1381,328.27308812625677,4,vm_5,515.8667455225415
14.63483106660166,2,1420,2.2606518474432584,3,vm_7,515.8989924618942
41.762097832965026,8,1062,177.93531479950562,5,vm_2,520.5393418674956
29.72639831975836,8,638,38.508979749046205,4,vm_10,520.9351612481612
43.775264708665105,4,1570,97.30063328883469,3,vm_0,521.3334186785127
15.329670604161578,2,1310,10.36251535951545,2,vm_11,522.9554744050291
99.26765482224641,1,957,63.15940941091907,3,vm_10,523.6058991896366
29.504522749814228,2,1434,52.79595548962131,2,vm_1,524.0119921769483
44.151482934663434,4,1161,31.85195920583368,3,vm_3,525.0452174853976
19.76788300353033,2,1421,60.77377921795072,2,vm_2,525.3205878556948
66.98182615239023,1,853,4.292007743193079,4,vm_7,526.1864353895585
46.93214496717454,2,840,37.40577080073718,4,vm_9,526.8316395426436
23.70416559189581,2,1709,17.88902465856614,3,vm_4,526.943931074161
20.810899557979816,1,1066,199.58126285128967,3,vm_1,527.1269995904181
48.991835569090334,1,932,11.25310282905967,2,vm_8,531.4454546209176
22.126669284566987,2,544,258.3055150616715,4,vm_5,533.9565769040058
17.01376340877944,1,1237,37.590199134276766,2,vm_5,534.0561942395276
11.387790622083784,2,558,46.82228891383621,5,vm_5,534.66103786194
23.17532929057885,2,1886,24.343771085725628,3,vm_0,535.1648971892998
26.873783344400575,8,1175,9.732896659007846,3,vm_2,535.3566424005846
72.10118855101042,4,1126,65.78055578149524,3,vm_2,536.1126877761898
81.0495750171448,4,1176,43.039096672789235,3,vm_9,538.0310770138831
19.60910587320387,1,1345,24.432295411023734,4,vm_1,538.0382060226083
51.209262508416415,2,354,10.796260667833527,5,vm_11,539.4527796210028
32.98229151438327,1,1401,30.441014696102346,3,vm_5,539.6649109760071
7.919076530220422,4,128,86.33432596096662,2,vm_9,540.4068100543928
9.477393046796303,2,1835,23.808533033543313,3,vm_2,540.7826867609931
15.50290918748627,4,1183,52.116532528696936,3,vm_2,544.2771202718325
14.220301058720697,2,500,30.567676149662077,4,vm_7,544.5965981384247
14.089035229265859,1,1529,74.28722923210557,3,vm_9,544.7354846500098
56.5679561527828,2,1086,35.4773589378773,5,vm_7,547.1299555604866
36.474521956651365,2,591,8.880991705012963,2,vm_1,547.9316244272168
16.231589706548835,4,1109,23.861586200852592,1,vm_9,548.3165787307234
14.95932425744193,1,1189,68.66102878541707,3,vm_1,549.3187726108356
49.64482638747589,1,1126,52.42630986935617,3,vm_11,549.5059043534744
16.999152044298178,1,1399,0.15932532573760627,3,vm_1,551.3875107285875
23.720116135090766,1,560,42.57250612523004,2,vm_7,551.9384186666209
7.394775834514357,1,729,68.87115383071517,3,vm_2,552.5652501962894
34.95237393899529,2,563,42.68143724851977,4,vm_4,554.6559302688505
46.03297900157826,1,1357,37.01580125150911,4,vm_9,555.952941989581
27.511618019566694,8,1104,17.134678798043325,5,vm_8,558.1411997673313
25.916460085530026,1,1378,26.28046609491626,3,vm_9,559.8551514354475
12.847268530717303,1,1171,84.49629319652387,3,vm_7,560.0088388648436
26.65887608137744,2,709,125.77101393421037,3,vm_5,560.3891605981881
88.1393894514212,2,1580,108.8913522730142,3,vm_1,560.6727610086982
53.26316094415837,1,1312,70.9246802217077,2,vm_3,561.0116756926554
12.233067337452308,4,960,58.20374576360714,3,vm_3,561.3395725516044
23.980939307475488,1,756,86.02573187418254,3,vm_3,561.9234337134025
19.507741557570412,2,1034,82.62766842972763,3,vm_2,562.6150402342
100.41085847553451,1,1531,49.09999485930142,3,vm_7,564.4486895263614
23.646920884075353,1,1025,114.52735184997047,4,vm_10,564.7749447277821
22.686754241803605,4,1705,66.61437649405867,5,vm_4,565.6993905546884
12.884748781307303,8,767,12.05532206770317,3,vm_0,566.1076050731446
27.949855501942398,1,1841,49.52467005429065,3,vm_0,566.1301164480133
43.280934727163846,1,1427,35.84139556793076,3,vm_7,567.0644450604822
34.6072950694699,1,988,4.230309787091565,3,vm_6,567.7394527409768
9.301128782458482,1,839,45.76350933356241,5,vm_3,568.4008845935742
33.54928568314623,4,1395,6.9968283492385375,3,vm_11,569.325597836558
20.12235520868499,4,995,27.08721110711858,4,vm_6,569.9647884108313
34.760704552420115,4,949,73.37148769090015,3,vm_8,574.3471395258844
115.15950455546925,1,1070,80.39792251565461,3,vm_8,576.2171597804639
96.95094856915635,2,1234,18.293469836282437,3,vm_8,576.62650427949
12.730419294319189,2,883,20.663831636336383,3,vm_1,576.9638377722376
37.083977178832065,1,1329,78.77282691564174,3,vm_2,577.8650831755563
31.13036687191541,4,1388,116.39376915704563,3,vm_3,578.6037923955357
23.397397158379526,2,1171,10.137824804032695,4,vm_10,579.2669452534496
47.74954155205324,1,993,45.938192436220795,1,vm_10,579.8221517581782
15.156190804361582,1,539,79.95387122385958,3,vm_11,579.8723858924166
10.823716487171984,2,1573,43.55620456975001,2,vm_9,582.4801833042656
41.900720672718265,1,954,29.84550377474048,2,vm_9,583.6843020721512
63.65115352383598,2,1438,23.88964225297146,1,vm_3,584.004962390143
52.04353098011673,1,706,153.10821704056963,3,vm_10,585.7790042169931
37.84598093193988,2,721,129.68845954743804,3,vm_11,586.3114580100594
12.80831234657933,1,640,132.59069820763497,1,vm_3,586.3759396347731
15.831809631935943,1,748,48.94822913192458,3,vm_6,587.4122837057066
27.40521602749756,4,1223,13.62768583546988,3,vm_9,587.7748084754529
17.447355765516715,4,1405,0.9754360470892456,5,vm_1,590.1371468939094
41.493860215217296,2,783,2.5101288143213467,3,vm_5,590.1825398950901
29.05823458122212,2,558,203.96251596328358,3,vm_5,590.7168837476997
52.316206265792744,1,788,6.3956409395598195,3,vm_11,592.1604633101404
29.75015271656396,2,1355,1.9178568883913794,1,vm_2,594.1350302518797
58.52456566641094,1,1907,11.008262238320357,3,vm_8,596.0734778532143
130.87387622967879,1,1113,37.00018306138975,3,vm_1,597.043431761237
144.82430966743695,1,642,21.013473480510957,5,vm_4,597.3843465281143
42.31296441425174,1,1250,15.649039290179942,3,vm_1,598.4183469326575
53.42770762858318,1,1316,194.07734571178622,3,vm_10,598.70916120223
17.404524259171367,1,1715,7.266378279534251,2,vm_7,600.8348853202099
40.03815427445829,1,707,59.239891471709235,3,vm_8,601.182570147347
40.60523771615912,1,318,25.419091602421613,3,vm_4,601.7110996890984
125.154226393215,1,1221,30.453146633342776,3,vm_9,601.8626801314995
53.99308033730718,4,1419,16.169426713623608,2,vm_0,602.5586797286638
139.86848241171734,2,852,26.99774772525704,1,vm_4,603.1410823686283
5.8464119475714735,2,1005,15.349543658723103,4,vm_3,604.5964845088116
22.07217534556141,1,936,29.136980742672915,3,vm_10,606.2887549320025
50.346666251577716,1,655,3.247647237275913,3,vm_2,606.4703349976106
48.40340708744005,1,1509,3.2612669016074647,2,vm_7,607.2368533312874
10.736748911424165,2,1623,100.15508374023602,3,vm_1,609.049693755207
40.478508135922624,2,849,30.514005139758517,3,vm_3,609.7536716520623
60.62409237720974,1,1606,7.541163168936622,3,vm_10,610.5867441310295
96.96753398197775,1,128,110.95017843557753,3,vm_7,611.9880224210257
78.30496993732578,2,514,2.2203022710078733,3,vm_0,612.1201079234735
37.11754471456489,1,1061,10.853410204798873,3,vm_2,612.2989134598549
24.39109699431585,4,677,105.21796280727035,5,vm_4,612.6046540839156
34.59469557140252,2,1103,0.8752275738589632,3,vm_1,613.3113916622111
66.9527379624585,2,128,15.887575503200976,3,vm_6,615.7798606292214
87.35887558884741,4,1317,56.567591916831816,5,vm_11,616.4255553390059
101.60749727079772,4,472,21.164733316541067,3,vm_10,616.9046649217366
23.30212299539822,1,1298,445.31654538843736,4,vm_2,617.6343198783044
37.59474922193139,1,141,68.85343912302582,4,vm_3,617.9372777748937
153.96747788556416,1,767,37.733455480988034,1,vm_0,618.4100569469913
23.17401077540079,1,1471,42.55015870161164,3,vm_4,618.5113626590351
56.07426084991235,8,1639,36.42245025970429,1,vm_0,618.703012121027
64.18495601120668,2,1310,62.993201519396614,4,vm_8,619.3040067565345
21.23285895229808,1,762,45.809819358218576,2,vm_9,621.3467757196839
9.533134986941178,8,553,145.83516898233955,3,vm_1,621.790493320317
49.86022847461212,1,1998,11.67652401132707,4,vm_4,623.3095890656249
121.89805493942568,2,1240,56.82766725222961,4,vm_11,623.3378157607614
47.60580093443298,1,1394,57.274763517062496,4,vm_7,623.8308022692926
55.60908729224505,8,825,23.195468422973423,3,vm_3,624.7747475514186
16.175678401220605,1,1268,24.22359694608394,3,vm_1,625.1882788064337
58.559756536093666,1,742,21.601131027347826,3,vm_0,625.7561795351213
20.401496344203732,4,264,6.49736449247596,5,vm_8,626.9445605094365
14.795848618908671,1,891,33.21368433327691,2,vm_8,627.6132510064261
25.266250456241206,1,1275,262.8911064533194,4,vm_10,628.0000106175029
11.713221755176892,1,867,78.88927340738722,1,vm_2,629.0089833392129
27.280464928170897,1,810,1.8883465232350312,3,vm_4,629.7496339338591
62.907083648496446,1,1825,4.512858492675437,3,vm_10,630.6054067446577
8.64305835379408,1,698,21.87162306479568,3,vm_3,630.7223214174207
29.46789156874901,1,1348,14.117735869429168,5,vm_2,630.7915157142742
13.592138846133937,2,1361,165.31459622307605,5,vm_2,630.8279857637655
42.530424947222365,2,1263,83.28930632629998,5,vm_9,630.8937997430942
21.38493763436586,2,698,171.5799888441726,3,vm_6,632.8287976904938
13.018236294355816,2,552,5.648411413012271,2,vm_0,633.8041253892106
63.43618499944069,1,1165,54.2593688086944,4,vm_2,637.2972253763359
44.12831439647697,4,1519,168.7559577414112,3,vm_2,637.9601737672594
59.928575816305376,1,1116,15.78791005869024,2,vm_4,638.7725981916147
31.620296895228915,1,1295,374.9650158600193,4,vm_2,639.4978995681466
8.494488211850964,1,1035,9.319458661211524,3,vm_7,639.5047008254119
58.19271083675524,2,672,9.725845946014198,3,vm_1,640.3656174946015
19.06006584015886,4,1009,76.27829977684252,3,vm_9,640.4530839736212
23.899062423767322,2,1025,19.999770526965914,3,vm_9,643.7141757205378
89.65445141001241,2,1419,101.39412209930163,1,vm_6,645.0803013207244
16.173578629540625,1,398,7.384647919601519,2,vm_2,646.3876430282204
28.652056846251476,4,1207,14.633438470724816,3,vm_3,647.0397731167856
21.47836726946388,2,1278,238.65240245101992,3,vm_5,647.3520491499786
20.154984794324175,8,1179,79.10718482449668,3,vm_6,653.7729065329352
59.802848075178254,4,1035,28.46412901995802,2,vm_10,654.1852807479645
13.833724491189137,2,1020,161.0490812173601,3,vm_6,655.5395040752913
25.41378745493943,1,594,8.539730969833629,3,vm_7,655.7731761564484
40.735662168063854,4,1917,0.1,2,vm_7,657.195350789122
21.235734177806837,1,1068,2.7647898844152614,3,vm_5,657.5790154968626
39.085845957953346,1,128,94.31034910679818,4,vm_11,659.2927360330988
23.037372716195208,2,1177,36.58611372838278,2,vm_8,662.4758135447037
22.774233979714303,4,662,106.17729526174746,5,vm_3,662.5274301186041
13.990757886637224,1,1654,92.63263628242366,2,vm_4,662.9688437202327
37.30136239499367,2,827,103.80279012500355,4,vm_11,664.450111467742
25.695887378100917,1,1403,123.26827965874752,1,vm_5,665.5429942070999
36.40355069480168,2,1294,128.1011304465401,5,vm_1,668.4168694372655
7.572475673655795,2,1549,3.287075381233864,4,vm_2,669.1039903350779
22.107122561787744,2,1029,110.02019987162512,4,vm_8,669.2751926764128
32.361413881320466,2,964,50.41743793787307,4,vm_6,671.138033085965
13.05958574464673,8,743,6.38715839401969,4,vm_10,674.377572003693
29.53349709578783,1,1353,0.9688663577678962,3,vm_7,674.4776762653808
52.072677318425484,1,969,58.96666126137538,5,vm_11,675.1241798625385
15.171081884253947,2,1107,60.72729238251037,2,vm_10,675.469529185421
39.49287675383687,2,2047,47.21006385613458,5,vm_6,676.2099907642645
24.35125388352249,4,1191,4.564264126937913,4,vm_2,676.7728823488144
10.296097750121236,1,268,31.001021874882966,3,vm_0,677.091527403109
30.046548446412,1,983,118.31132164939456,3,vm_10,680.3622676510665
31.1781937961768,1,906,74.60394033600166,2,vm_4,680.6076160705168
29.847375257185337,1,654,18.239397186151873,3,vm_10,680.7061639106544
23.659605809677245,4,1462,9.426760509165291,3,vm_9,681.0914475348939
22.348177940347853,1,1252,68.9442743604881,3,vm_5,682.764995523456
11.025897230067391,1,808,17.63658121166006,3,vm_8,682.9804532745915
12.380360604930551,2,1734,48.60252245046636,4,vm_10,683.1448673231264
26.00300571352868,2,1239,93.2870764705214,1,vm_1,683.8727083846942
27.78339850547065,2,1094,12.51481446534814,4,vm_10,683.9012898383493
113.61723743844671,1,510,0.2567865220553779,3,vm_4,687.9661304837275
50.72848372046261,2,1544,156.10607608968206,4,vm_9,688.5077346855542
99.7086026382355,2,932,8.025727227399125,5,vm_5,690.1774369249393
16.69598090161135,2,1422,207.67384256804857,5,vm_4,690.4349107001864
31.288072327516133,1,869,223.94238261425897,3,vm_8,691.8942792837822
16.59089659304242,2,574,33.07438749419266,5,vm_1,692.3575160285125
8.300807329669505,4,1576,89.63338637018997,3,vm_5,692.7653942792247
32.65794251132116,1,462,42.2214925963067,4,vm_9,694.7522257096424
45.979610090685775,4,954,36.819645661349895,3,vm_2,695.5312720235771
64.03492535122197,1,447,132.16835109400242,4,vm_8,697.3783661142677
143.18247056385124,2,361,12.81397120911738,3,vm_1,699.6045614955653
66.15377165242474,8,1223,144.99155038404302,2,vm_6,699.781235745282
68.83880910989119,2,684,47.99599713877316,4,vm_0,700.5288380096099
19.283782005219713,2,1062,22.230352090933962,3,vm_7,701.6335112722026
30.400995316494026,2,1951,21.940510356501672,3,vm_2,703.1403952130732
24.278848217190863,1,1307,103.08103676037872,2,vm_4,703.1955981344258
48.306943753344434,4,578,13.274805949984566,2,vm_3,704.1231455190014
19.391026212697348,8,769,97.61694932758691,3,vm_5,706.8204192890836
25.99585257224831,1,956,36.464375657449885,3,vm_7,708.2965533603224
61.26885733327653,2,1238,95.58442158468866,3,vm_7,708.5055237408963
14.51616591457167,2,589,26.3084468301697,3,vm_6,708.5351986589732
24.948967694635275,1,663,95.41155020686591,3,vm_11,708.5990354460041
44.61419063062145,1,1528,139.8257959881025,4,vm_11,710.1838804315814
14.995270117137647,1,2274,15.903421624805642,4,vm_1,710.4298916241257
17.069694708505587,1,848,118.23250814181438,1,vm_9,711.1781509748902
24.904648706471473,1,735,69.04455072529662,2,vm_3,711.8436719018134
8.032789274158441,2,1732,55.38526011746841,3,vm_2,712.0324963866061
64.08548924640779,2,128,22.573884860035427,3,vm_0,712.2138260971433
8.984976771111624,8,1747,72.42350498453106,3,vm_4,712.5910158638821
40.17616534872468,2,1434,75.84350769105977,2,vm_8,714.9382972223942
84.00414875622104,4,1381,33.59795630260009,4,vm_11,714.9493012375038
32.94132867553536,4,1359,59.567643862974194,5,vm_2,715.0184675594031
47.39374707104349,1,812,8.325664991497808,2,vm_9,715.5982630594499
13.870752732656516,1,542,46.83473588183781,4,vm_6,715.9634981074271
19.35407741240497,2,1246,4.6308533799758145,3,vm_0,719.1829989227836
15.657938613559898,1,1808,9.445377890658072,3,vm_7,719.3461118879048
12.71131310897713,2,1247,33.657208026579625,3,vm_1,720.8744341284265
12.066881338478627,1,911,6.40629453191676,5,vm_10,721.2128154407891
8.313540586521908,1,251,77.62614845423231,3,vm_7,723.0497603253424
43.18913926033475,1,430,54.38659236351352,4,vm_3,723.8564020275948
35.37572637899762,1,128,41.699528143270975,3,vm_6,724.9838387356323
39.45300030544904,4,829,24.78764446848655,3,vm_6,725.5706064742282
23.010471003894676,2,1484,72.15991966301398,1,vm_10,728.2937519835388
16.66676218324442,2,1424,60.4825153000241,1,vm_0,728.5762178535963
11.939468495317946,2,308,73.4760505266457,4,vm_1,730.9222355108651
46.9762485029362,1,735,43.03625759029823,4,vm_2,731.1748361514047
14.302971842762378,2,1237,160.10122404468044,4,vm_2,733.5177474473297
50.032182184808555,1,1014,24.33350220325499,5,vm_3,733.7041267931055
76.74770219516795,2,1273,8.215168574634635,4,vm_1,734.9032004140909
16.4830071364126,1,1278,21.624091111203832,3,vm_5,735.1531906730651
104.38115012202879,1,1238,49.93511635547668,3,vm_10,736.5940907525251
46.0679312202626,2,700,16.401388972033256,4,vm_2,737.8949891524475
31.84527052547007,2,531,57.340572963432926,3,vm_6,738.0672965345303
26.938401926815164,1,1089,110.38370562335128,4,vm_3,738.2041436085954
23.961178705400815,4,957,24.865126734081713,3,vm_5,738.6642089198868
25.374373702164434,2,1385,2.1957162946642996,3,vm_1,740.1282717355031
40.489412746560454,1,510,14.363416840937122,3,vm_2,740.9567246909841
32.943834738464936,2,1192,156.18702249492088,2,vm_0,741.0068803195021
25.888819499642366,1,873,30.880357562833964,3,vm_4,742.7326298401689
60.56613942117805,2,1129,10.86484538371049,3,vm_2,742.9641160774437
26.833675618691483,1,1348,20.184047886223773,3,vm_9,743.3676823319992
58.391972402147665,4,1144,53.55317559227717,3,vm_11,744.9533145758489
25.914383799464648,1,704,39.611550207118526,2,vm_11,748.2402874996185
52.94871348162496,1,1456,23.80616711259062,3,vm_2,748.5823310666261
61.137113398341754,2,1087,19.097443613641822,3,vm_5,750.0752138164228
240.68705703312833,2,1733,12.758953091326472,3,vm_2,751.982065945707
49.58295215043765,2,1516,32.07562338130363,3,vm_3,752.03286760347
51.270582048947105,2,1496,65.30144427884379,2,vm_8,756.5487094467159
42.060210269445655,1,1936,13.198284630744537,2,vm_2,760.1127308295265
93.30939681768703,1,1401,73.768687730984,3,vm_1,761.3493768936065
38.12283235801132,2,985,3.6174850057527954,5,vm_4,762.0134457487168
27.313039491009164,4,958,89.63457636465012,4,vm_9,762.1021027914264
62.92138567076494,2,366,8.706060836806486,4,vm_1,762.3214027336187
28.475949663696184,1,1325,30.920676909282964,5,vm_5,766.8971754605658
18.078784162623524,2,604,44.02878022983046,5,vm_11,770.3020105607145
24.936713902947385,1,623,21.432279035255654,3,vm_8,771.0176722496564
39.35826882801767,2,830,40.8344242254509,3,vm_1,772.0211120165047
144.82190896809644,1,1190,66.60983935402854,3,vm_6,772.9211264676613
51.872546081275765,1,1019,94.08964320692964,3,vm_8,773.4888939764244
13.514277965264828,1,1480,77.28230459848882,3,vm_3,774.8113590074468
13.547279860298868,2,1363,16.694734542755693,3,vm_5,774.9472887351264
12.916119980508803,2,807,50.17603200101758,4,vm_3,775.9068179216595
26.45650947608823,1,944,12.888001727217723,3,vm_8,777.2324894060451
38.8672212269615,2,903,97.91599888348685,4,vm_4,777.6593265766185
30.222910655372832,1,1259,38.07874671624371,1,vm_1,779.9627430996594
22.850369377736197,2,1130,51.59637783660078,2,vm_4,780.0242934059512
62.82256541508125,1,649,10.084906786017129,4,vm_5,780.6072668486509
44.86446922192888,2,840,3.07922421401234,3,vm_2,784.2394243711433
24.913443456891645,2,1210,11.685152423903459,3,vm_2,784.4105166747227
23.813062779096764,1,1392,33.21633319084614,3,vm_0,784.7889884949013
112.75319587753931,1,1007,48.49265247732308,3,vm_9,785.5439268678645
45.30838843033103,1,1029,7.015637392609938,3,vm_11,786.2565816392903
21.71005608144128,2,938,24.496714551089458,3,vm_2,786.3133288434826
36.97634454425987,4,1151,13.2961021535094,1,vm_9,787.1609881661994
12.837041024040166,2,411,10.711125511896183,3,vm_8,787.5500287442401
80.28188661475701,4,1338,16.011655511680846,4,vm_8,787.9063886923065
11.899187733601542,4,1397,35.23903781858243,2,vm_8,788.8685021607764
59.88654013673313,2,816,33.75119383606542,2,vm_4,790.1836715999085
31.831498812008995,1,491,77.0096923466906,3,vm_4,790.5965573573817
15.553572076137785,4,478,0.5900511820429094,4,vm_8,791.3193275624058
19.19832891505857,1,1306,106.51904061685806,4,vm_7,791.4257264881256
12.572893152104102,1,1508,29.74016315462779,4,vm_2,791.8724823337136
156.3956022516185,1,1513,28.68849310377265,4,vm_10,792.974266909636
41.481688108864184,1,879,69.17661829162104,4,vm_8,796.2743708860543
38.90328800290339,1,1363,24.468217192155766,4,vm_5,796.9786828318976
34.32668725967151,1,934,41.71805404238958,4,vm_4,797.8922931739082
14.198818512593819,1,1217,35.00650735891843,3,vm_1,798.4760068212737
36.34231702888099,8,641,50.616940681613556,3,vm_5,800.3095584043591
12.179699313100231,1,1316,9.023689829155176,4,vm_2,802.640670891336
14.572735211430949,2,940,44.89470074961024,3,vm_3,803.5977270300078
68.08410663698756,2,1053,29.691314298718012,3,vm_2,803.6165727096045
72.34229952186546,2,915,17.07927121776558,4,vm_5,804.6973384882834
16.756221400660152,8,288,91.89953894357545,3,vm_7,807.2945708472402
7.212738364870376,1,1103,53.19186534380095,4,vm_7,808.2981373002228
23.102166238465223,2,1155,28.422923006678385,4,vm_7,808.7427430800791
29.99431697480819,2,312,3.1331116176909495,3,vm_1,808.9908666884475
93.32833352806786,2,1111,321.5597394115842,3,vm_2,809.6309945476894
26.251838092982247,2,242,9.969877726225127,3,vm_6,810.4416906163842
41.739391932075314,1,1195,38.58335486105027,4,vm_6,812.8475333544453
20.813465796306062,2,1427,2.658008205181088,3,vm_5,813.4926712504675
18.122034502597348,1,424,111.26389012434332,3,vm_6,816.4530378237222
6.891905193258808,2,1427,74.03693287876018,3,vm_4,816.4738468646383
13.30079739503274,1,586,30.917400827413317,3,vm_1,816.6158067882158
62.0832312110429,1,760,4.496720893974464,2,vm_4,817.0518724762718
22.18965241518244,1,1127,49.736215560262956,3,vm_2,817.2236035135147
55.010901636609496,1,672,158.93679729060335,5,vm_8,817.313178990945
34.61521132019237,4,976,55.2940087912897,3,vm_11,818.3445430031118
22.840931074361244,1,1160,11.89471304264894,4,vm_8,819.1178913469558
16.68802331242003,8,1145,5.82161636656104,2,vm_4,819.6218475310095
40.4173614811673,2,2020,70.64684081645228,2,vm_3,820.285485184782
91.5669529276011,1,973,60.69389097905212,4,vm_6,821.899949973998
29.343177668379912,2,1456,40.680896045769195,4,vm_0,822.243456312802
53.388023672088046,2,128,20.580808033335476,2,vm_9,822.2475873719815
23.760540430407378,1,1133,11.12201462089844,4,vm_9,823.069174256485
26.422893346893634,8,1072,9.142420676318071,3,vm_1,824.6221164665054
34.207952595243626,4,1483,52.509899693278285,4,vm_8,824.7232823474735
33.571904293422826,2,1701,199.95953762600342,4,vm_7,824.8042571496546
123.74281484032994,2,191,12.000881129476197,2,vm_4,824.911977374359
20.095263821849045,2,702,78.69092275836324,2,vm_11,825.2299914028822
117.75670011390487,2,1333,16.295494595475148,5,vm_10,825.367983190585
50.084521422775765,1,1035,47.41391116325422,2,vm_2,827.9953768627194
26.281865447067627,4,1617,114.10677015275803,3,vm_4,828.3866368839087
13.305533900664683,1,1335,92.95176179851002,3,vm_6,828.8199618639641
65.0468463571512,1,868,74.28878600405683,2,vm_4,829.615505038681
15.601071967803977,1,777,4.295704243827292,3,vm_2,832.7181241716997
31.92246954578542,2,663,173.61175129098635,3,vm_5,834.9778819021419
46.371505266909594,2,1857,150.6453584989001,3,vm_0,835.129235283878
29.467380000536526,2,1302,93.2191842420593,1,vm_6,837.4719742263691
15.817740237645902,1,807,113.53652056559764,3,vm_8,838.925899985904
47.94547389913641,4,612,60.732008457588904,2,vm_6,839.5265302632421
66.42287492531848,4,615,113.05287582483703,3,vm_8,841.1790046706308
5.705687482836191,4,1811,138.8234818896626,2,vm_1,842.0829022510728
28.18600545629165,2,1661,18.212137380127974,2,vm_4,843.5978203224649
54.175211226655236,1,1058,35.417835594265576,5,vm_2,843.9635807100598
24.987747553356133,2,1258,4.214248623522933,3,vm_11,844.0275863706585
26.512017896523332,4,128,28.451690761112076,3,vm_4,845.610270871917
15.234785252363466,4,1082,61.11090398206663,3,vm_5,845.8790853157604
45.71819404064519,1,1349,69.57648639389343,2,vm_3,846.541168282182
25.996102526189283,4,1054,24.498667527254284,3,vm_0,846.8803366724646
82.08431366152065,4,1484,159.39734222153018,3,vm_5,847.9119783295434
49.44669101084338,1,345,21.7663809681616,3,vm_8,848.7271064138516
157.0198090424991,1,1092,92.28909851620949,3,vm_9,848.9934159938263
62.02952319619266,4,1726,73.5773889193818,1,vm_1,849.0984166435691
97.46470210883463,1,708,7.9800835716140215,5,vm_11,850.0212310625919
20.80438062998646,1,971,82.92271594009894,2,vm_9,850.6574247530942
29.68609228528182,8,989,43.441576854832945,3,vm_4,851.8040830768533
25.179932314584878,2,650,1.768242425474582,3,vm_5,852.8316152503367
10.766154317765182,1,878,33.68525638981888,3,vm_2,853.4309032754464
47.81671469354212,1,1090,11.840522136937409,3,vm_6,854.2886339602718
7.93338186438367,1,593,110.39475931146619,4,vm_2,855.4851455040091
23.07680274824835,1,980,67.16798644442513,3,vm_9,856.6322572789912
33.5718774550467,1,1121,12.864440500956375,3,vm_3,856.6328103954098
76.66324476567537,1,1349,46.50634415679001,3,vm_7,856.9416347045998
36.42292135506739,2,1268,5.133464038524309,1,vm_10,857.3885493578204
28.70701639026522,1,1246,15.438397439761633,2,vm_8,857.5401466934712
49.00768511960048,1,1223,204.40434763683575,3,vm_2,858.6189400098076
108.4138071482419,1,473,15.214036529154379,4,vm_5,861.1340967357625
114.43116724468523,1,860,81.90142703718635,4,vm_9,863.3492895204732
164.77193934369072,4,632,7.195473327050355,3,vm_6,863.8652634250102
88.53413814836489,2,1144,10.312752834172082,4,vm_0,864.018530966432
43.98296998249872,1,931,5.380958980277038,2,vm_8,865.085614461751
50.66206591451376,2,1824,11.682980258860805,3,vm_5,865.1515494042258
60.115026425788116,1,1213,54.64326164733102,3,vm_4,865.296979303273
47.669049634120775,1,1451,72.65098982433753,4,vm_5,866.3918641515298
34.17397349096997,2,128,9.247589256686899,5,vm_6,867.2635243680763
42.655669248849094,1,271,22.03669494903035,4,vm_1,867.7886502484197
41.52927044682686,2,1099,2.807125222484105,3,vm_4,868.8072809041895
6.607279935813787,1,908,49.161113907703765,5,vm_8,870.006895214216
10.800431662064808,2,754,30.37183886655601,2,vm_5,870.189483866086
44.8334731823222,2,1167,35.33752107410554,2,vm_7,870.7269665370816
38.399304233261006,2,1443,24.68268660134056,5,vm_3,870.8221627984944
19.644952978981667,1,452,43.013813082124074,4,vm_0,872.6085088822884
29.716841449414005,1,1161,54.15820333568572,3,vm_5,872.6804537964763
77.30004880387001,8,1009,27.289318127494834,4,vm_7,874.4271144579571
56.35365852047671,1,960,1.2522140121553889,4,vm_1,874.7635490427615
37.15280915285002,1,1376,17.885767535441072,3,vm_1,875.2896279430875
4.274460854546041,1,219,1.3930405143505087,1,vm_11,879.7542706568429
23.69661820171164,1,802,39.494586474841185,3,vm_10,880.0141339050637
12.053231956273594,4,1022,58.73219178845031,3,vm_6,881.7774078331908
38.260597790856,2,1240,0.4304594218358414,3,vm_10,882.154275315136
62.14836441920933,1,778,94.4889538703013,4,vm_11,882.6113105214413
32.42401024345301,4,579,3.3164018155998063,3,vm_7,882.8289219842169
66.58116096236355,1,689,66.07952678861321,5,vm_10,882.9554723555563
25.743998393795128,1,1489,161.92001008377247,4,vm_2,883.2824734109518
50.4469523065622,2,529,24.075355546982305,3,vm_2,884.8643775276233
11.10365197936887,4,1789,59.65818816126427,4,vm_8,885.9714390574836
17.245213767294103,1,881,78.50762422773336,2,vm_5,887.3201087469707
9.070770724396283,4,891,74.34515240405334,2,vm_10,887.8114631687247
14.32775889459851,2,1686,48.83720076362365,3,vm_7,888.0682181883133
53.000414230969284,1,495,104.5619396851293,3,vm_1,889.7274095303819
11.684898479036486,1,1412,80.38397578005771,3,vm_3,892.3151388736574
18.487307634603216,2,1088,105.22242608148038,2,vm_7,892.8388856484829
49.4038572033681,2,509,21.80884508857345,2,vm_11,893.0820284194182
23.100710589549063,8,940,81.70075422927984,3,vm_9,894.2262096502601
25.19347093197735,1,1429,22.420712077584717,4,vm_0,894.6362841178899
21.51020948853657,2,1539,41.42448822337409,3,vm_10,895.1831676897484
23.735907706898963,2,971,8.85450833141376,4,vm_8,895.2679586767697
30.311107558192145,4,477,21.122481838721203,3,vm_0,896.295964843118
36.30190085432008,1,770,60.51964412355317,2,vm_6,897.8805488429873
37.321508040741435,1,1003,17.946605843479443,2,vm_9,898.367552630814
12.699910040960024,4,756,23.042189975601254,3,vm_11,898.5941728822498
51.35059873776748,1,1395,0.4403296949257048,1,vm_0,900.2896262332065
59.095987911666256,2,1556,127.41366304132855,4,vm_7,900.50073717965
32.21009357934142,1,806,3.7017338345087873,1,vm_8,900.7217079902317
77.14124982642647,1,511,34.847942978862065,5,vm_9,901.2008462817131
38.2476325976768,1,967,11.028868912331639,3,vm_9,901.4380307017169
24.417239828110755,1,1233,49.402516341210415,3,vm_10,902.5291791228855
28.34181076236161,2,1000,4.930682330376942,3,vm_9,903.7538104709809
11.596515792335136,2,1144,19.575595027389546,4,vm_4,904.0585777367819
73.68875169095102,1,950,39.60727538431215,2,vm_5,905.6684005800498
19.42407517444162,2,1059,11.328818818101777,3,vm_6,906.3955152624598
27.535877095382915,1,1668,42.71336458032698,4,vm_11,907.0797700981118
59.41624913815495,4,734,0.3685192039318501,4,vm_6,907.1641155318241
36.32665616768664,4,1724,42.20715357412275,3,vm_7,907.7457161664495
71.4573272538717,1,913,70.37494820176381,3,vm_2,908.6186263393894
14.402238382581036,2,943,27.67403083274491,3,vm_4,909.3537596135338
13.914243619477752,1,1448,4.3106053808692195,5,vm_6,909.6577627391599
22.531680557708714,4,1058,20.62042020161183,3,vm_2,912.9785332308014
23.777456991656262,1,1317,0.31795259656589425,3,vm_1,913.9853346605147
33.29775268169662,4,1177,10.346143315373366,3,vm_1,914.9424246480163
26.61781849736506,1,1844,55.02931209635409,2,vm_9,915.3899419724739
41.619135006485735,1,721,105.12989460339983,3,vm_7,916.1774883072836
59.61514819816904,2,1104,266.9054646277917,2,vm_3,916.9082968639552
55.02263031055108,8,1720,110.51517401263868,4,vm_5,917.7766203672974
31.33138967502018,2,1468,94.64337751558031,3,vm_3,918.6958900008211
15.741899473073845,1,1202,34.77356784378407,4,vm_4,919.464118022968
55.094819450225174,1,450,20.803274322725986,3,vm_0,920.6799280566864
54.81028153681209,2,831,5.970331630800283,1,vm_11,920.7584420513499
40.511407999237655,4,1549,73.66176117548298,2,vm_0,921.0548657694336
19.315374899102245,2,687,88.921990888062,4,vm_2,921.731091157322
19.356127980742492,2,1122,36.90134101555916,3,vm_7,922.4770809314101
32.90266144764994,2,898,9.333522359135573,3,vm_8,922.6587421606106
51.43741216919658,1,501,9.701060954648371,5,vm_5,923.3123687266906
19.791398547236902,1,1639,24.62279148542089,3,vm_7,923.6417529255879
27.931352076241883,1,161,40.68237398868896,3,vm_11,924.2967371838544
50.78467709255635,1,1637,3.9643800880870264,5,vm_5,924.3801287390007
10.599911056097922,8,1357,37.50805461899633,1,vm_9,924.5480875913657
21.916736462933486,2,501,121.09434477730352,5,vm_0,925.3604233545335
71.40869146672898,4,1433,59.890727735000205,3,vm_9,925.9546508759671
71.52500173024558,1,942,117.10412336727822,3,vm_9,926.5856063353178
24.292984148114414,8,1213,37.231271677304264,5,vm_1,927.9441269966172
90.40602684808036,8,1106,50.38245967708583,5,vm_4,929.0450343748344
84.1356073362686,1,595,48.66040164683525,3,vm_0,929.1237093591899
10.421731079558205,8,1261,14.376068214685123,4,vm_7,929.4365035432065
40.07838027236848,1,816,66.4120520225262,3,vm_1,931.566230615592
57.091387304146636,1,1252,2.131933164330917,3,vm_11,931.799879973171
38.16103520934375,2,1231,103.10003317917975,2,vm_2,932.1548984091389
35.87498570213347,1,638,9.567706374189926,1,vm_9,933.0188308795659
27.36699449662681,1,1137,31.543810616705986,3,vm_4,933.6113939580925
22.788764672925655,2,1159,18.30714652777865,3,vm_4,933.8761006630018
39.71396304340697,1,154,42.841939148172976,2,vm_4,933.8835816330319
20.370229014253024,1,1453,38.7454228247968,2,vm_11,933.950964490428
33.46477574738006,8,733,20.068945326521217,2,vm_11,938.8622626064133
26.36056240821442,1,1108,0.4747935157233897,3,vm_8,942.4070281859398
20.575091068704232,2,128,30.142826294910165,2,vm_7,942.9860800889796
235.26110534734167,2,678,4.000941353856487,4,vm_7,943.7386927696823
32.380251761186244,1,506,37.77137699708412,2,vm_1,944.1692856850045
71.08922244241495,2,923,53.50535038671591,3,vm_6,944.7033067424321
16.310124594261477,1,962,10.997019679570009,3,vm_6,945.2836325696594
23.319159849168283,1,1235,13.899457822970993,3,vm_8,945.7228323921485
56.86423636306655,1,1796,10.683682895970065,3,vm_0,946.2587432428691
184.85650830648413,2,914,144.451149379425,4,vm_4,949.0071745620951
39.798708530138896,1,1216,7.363138679155518,3,vm_4,952.5124828291591
57.84128829128443,2,562,20.45459724857513,3,vm_6,953.1012587655607
48.67866382849315,1,448,6.481771330986532,3,vm_11,954.2991032868209
32.05146495024142,2,1068,23.442094110699458,3,vm_8,955.4515850738899
64.13158071685328,1,1102,170.1222307522177,5,vm_11,957.5476562620504
19.6880111370409,2,1090,32.625453593864414,2,vm_4,958.4747337865251
29.424683378492606,4,1039,125.45409819998514,2,vm_4,959.5020087590526
37.57656572791994,4,803,28.37176792438023,3,vm_9,959.6754943097649
44.814711877631375,4,719,124.08446438003533,3,vm_11,961.8298170281787
42.29766311061277,4,1102,35.861128014865926,3,vm_6,961.9642029971048
26.03376777643388,1,128,154.0905315543545,5,vm_0,963.9989303565303
39.41619467299956,1,1352,55.87517867637012,3,vm_1,964.0804002000061
23.17092028046166,2,1275,46.63459109352755,3,vm_6,966.9668316260272
73.69217260526239,2,1830,118.62237345029124,2,vm_8,967.35588718563
37.81178361788641,1,782,45.9717058331906,3,vm_11,967.4470506159414
25.37192628143522,2,981,13.278853433938135,3,vm_9,968.9125802178208
37.667999260490376,1,1006,29.285322717293795,1,vm_9,969.641622822938
88.59234805187945,4,1579,21.414794725816325,4,vm_7,971.5997793278028
27.817963630420522,2,600,33.28152288986091,3,vm_3,971.997490165594
18.34527645993236,1,1728,17.643615156540584,3,vm_1,972.0585900481899
44.85207083648937,1,1175,46.18535686084921,3,vm_10,973.1256773914496
